"id","matchDate","Country","League","Season","homeTeam","awayTeam","referee","FTHG","FTAG","FTR"
"14919","16-08-24 21:00","England","Premier League","2024/2025","Manchester Utd","Fulham","Robert Jones","1","0","H"
"14918","17-08-24 13:30","England","Premier League","2024/2025","Ipswich","Liverpool","Tim Robinson","0","2","A"
"14914","17-08-24 16:00","England","Premier League","2024/2025","Arsenal","Wolves","Jarred Gillett","2","0","H"
"14915","17-08-24 16:00","England","Premier League","2024/2025","Everton","Brighton","Simon Hooper","0","3","A"
"14916","17-08-24 16:00","England","Premier League","2024/2025","Newcastle","Southampton","Craig Pawson","1","0","H"
"14917","17-08-24 16:00","England","Premier League","2024/2025","Nottingham","Bournemouth","Michael Oliver","1","1","D"
"14913","17-08-24 18:30","England","Premier League","2024/2025","West Ham","Aston Villa","Tony Harrington","1","2","A"
"14912","18-08-24 15:00","England","Premier League","2024/2025","Brentford","Crystal Palace","Samuel Barrott","2","1","H"
"14911","18-08-24 17:30","England","Premier League","2024/2025","Chelsea","Manchester City","Anthony Taylor","0","2","A"
"14910","19-08-24 21:00","England","Premier League","2024/2025","Leicester","Tottenham","Chris Kavanagh","1","1","D"
"14909","24-08-24 13:30","England","Premier League","2024/2025","Brighton","Manchester Utd","Craig Pawson","2","1","H"
"14904","24-08-24 16:00","England","Premier League","2024/2025","Crystal Palace","West Ham","Robert Jones","0","2","A"
"14905","24-08-24 16:00","England","Premier League","2024/2025","Fulham","Leicester","Darren Bond","2","1","H"
"14906","24-08-24 16:00","England","Premier League","2024/2025","Manchester City","Ipswich","Sam Allison","4","1","H"
"14907","24-08-24 16:00","England","Premier League","2024/2025","Southampton","Nottingham","Samuel Barrott","0","1","A"
"14908","24-08-24 16:00","England","Premier League","2024/2025","Tottenham","Everton","Anthony Taylor","4","0","H"
"14903","24-08-24 18:30","England","Premier League","2024/2025","Aston Villa","Arsenal","Michael Oliver","0","2","A"
"14901","25-08-24 15:00","England","Premier League","2024/2025","Bournemouth","Newcastle","David Coote","1","1","D"
"14902","25-08-24 15:00","England","Premier League","2024/2025","Wolves","Chelsea","Darren England","2","6","A"
"14900","25-08-24 17:30","England","Premier League","2024/2025","Liverpool","Brentford","Stuart Attwell","2","0","H"
"14899","31-08-24 13:30","England","Premier League","2024/2025","Arsenal","Brighton","Chris Kavanagh","1","1","D"
"14894","31-08-24 16:00","England","Premier League","2024/2025","Brentford","Southampton","Josh Smith","3","1","H"
"14895","31-08-24 16:00","England","Premier League","2024/2025","Everton","Bournemouth","Stuart Attwell","2","3","A"
"14896","31-08-24 16:00","England","Premier League","2024/2025","Ipswich","Fulham","Lewis Smith","1","1","D"
"14897","31-08-24 16:00","England","Premier League","2024/2025","Leicester","Aston Villa","David Coote","1","2","A"
"14898","31-08-24 16:00","England","Premier League","2024/2025","Nottingham","Wolves","Simon Hooper","1","1","D"
"14893","31-08-24 18:30","England","Premier League","2024/2025","West Ham","Manchester City","Michael Oliver","1","3","A"
"14891","01-09-24 14:30","England","Premier League","2024/2025","Chelsea","Crystal Palace","Jarred Gillett","1","1","D"
"14892","01-09-24 14:30","England","Premier League","2024/2025","Newcastle","Tottenham","Robert Jones","2","1","H"
"14890","01-09-24 17:00","England","Premier League","2024/2025","Manchester Utd","Liverpool","Anthony Taylor","0","3","A"
"14889","14-09-24 13:30","England","Premier League","2024/2025","Southampton","Manchester Utd","Stuart Attwell","0","3","A"
"14884","14-09-24 16:00","England","Premier League","2024/2025","Brighton","Ipswich","Samuel Barrott","0","0","D"
"14885","14-09-24 16:00","England","Premier League","2024/2025","Crystal Palace","Leicester","Tony Harrington","2","2","D"
"14886","14-09-24 16:00","England","Premier League","2024/2025","Fulham","West Ham","Tim Robinson","1","1","D"
"14887","14-09-24 16:00","England","Premier League","2024/2025","Liverpool","Nottingham","Michael Oliver","0","1","A"
"14888","14-09-24 16:00","England","Premier League","2024/2025","Manchester City","Brentford","Darren Bond","2","1","H"
"14883","14-09-24 18:30","England","Premier League","2024/2025","Aston Villa","Everton","Craig Pawson","3","2","H"
"14882","14-09-24 21:00","England","Premier League","2024/2025","Bournemouth","Chelsea","Anthony Taylor","0","1","A"
"14881","15-09-24 15:00","England","Premier League","2024/2025","Tottenham","Arsenal","Jarred Gillett","0","1","A"
"14880","15-09-24 17:30","England","Premier League","2024/2025","Wolves","Newcastle","Chris Kavanagh","1","2","A"
"14879","21-09-24 13:30","England","Premier League","2024/2025","West Ham","Chelsea","Samuel Barrott","0","3","A"
"14873","21-09-24 16:00","England","Premier League","2024/2025","Aston Villa","Wolves","Tim Robinson","3","1","H"
"14874","21-09-24 16:00","England","Premier League","2024/2025","Fulham","Newcastle","Peter Bankes","3","1","H"
"14875","21-09-24 16:00","England","Premier League","2024/2025","Leicester","Everton","Darren England","1","1","D"
"14876","21-09-24 16:00","England","Premier League","2024/2025","Liverpool","Bournemouth","Tony Harrington","3","0","H"
"14877","21-09-24 16:00","England","Premier League","2024/2025","Southampton","Ipswich","Sam Allison","1","1","D"
"14878","21-09-24 16:00","England","Premier League","2024/2025","Tottenham","Brentford","John Brooks","3","1","H"
"14872","21-09-24 18:30","England","Premier League","2024/2025","Crystal Palace","Manchester Utd","David Coote","0","0","D"
"14871","22-09-24 15:00","England","Premier League","2024/2025","Brighton","Nottingham","Robert Jones","2","2","D"
"14870","22-09-24 17:30","England","Premier League","2024/2025","Manchester City","Arsenal","Michael Oliver","2","2","D"
"14869","28-09-24 13:30","England","Premier League","2024/2025","Newcastle","Manchester City","Jarred Gillett","1","1","D"
"14864","28-09-24 16:00","England","Premier League","2024/2025","Arsenal","Leicester","Samuel Barrott","4","2","H"
"14865","28-09-24 16:00","England","Premier League","2024/2025","Brentford","West Ham","Simon Hooper","1","1","D"
"14866","28-09-24 16:00","England","Premier League","2024/2025","Chelsea","Brighton","Peter Bankes","4","2","H"
"14867","28-09-24 16:00","England","Premier League","2024/2025","Everton","Crystal Palace","Andy Madley","2","1","H"
"14868","28-09-24 16:00","England","Premier League","2024/2025","Nottingham","Fulham","Josh Smith","0","1","A"
"14863","28-09-24 18:30","England","Premier League","2024/2025","Wolves","Liverpool","Anthony Taylor","1","2","A"
"14862","29-09-24 15:00","England","Premier League","2024/2025","Ipswich","Aston Villa","Stuart Attwell","2","2","D"
"14861","29-09-24 17:30","England","Premier League","2024/2025","Manchester Utd","Tottenham","Chris Kavanagh","0","3","A"
"14860","30-09-24 21:00","England","Premier League","2024/2025","Bournemouth","Southampton","Michael Oliver","3","1","H"
"14859","05-10-24 13:30","England","Premier League","2024/2025","Crystal Palace","Liverpool","Simon Hooper","0","1","A"
"14854","05-10-24 16:00","England","Premier League","2024/2025","Arsenal","Southampton","Tony Harrington","3","1","H"
"14855","05-10-24 16:00","England","Premier League","2024/2025","Brentford","Wolves","Andy Madley","5","3","H"
"14856","05-10-24 16:00","England","Premier League","2024/2025","Leicester","Bournemouth","Darren Bond","1","0","H"
"14857","05-10-24 16:00","England","Premier League","2024/2025","Manchester City","Fulham","Peter Bankes","3","2","H"
"14858","05-10-24 16:00","England","Premier League","2024/2025","West Ham","Ipswich","Anthony Taylor","4","1","H"
"14853","05-10-24 18:30","England","Premier League","2024/2025","Everton","Newcastle","Craig Pawson","0","0","D"
"14851","06-10-24 15:00","England","Premier League","2024/2025","Aston Villa","Manchester Utd","Robert Jones","0","0","D"
"14852","06-10-24 15:00","England","Premier League","2024/2025","Chelsea","Nottingham","Chris Kavanagh","1","1","D"
"14850","06-10-24 17:30","England","Premier League","2024/2025","Brighton","Tottenham","David Coote","3","2","H"
"14849","19-10-24 13:30","England","Premier League","2024/2025","Tottenham","West Ham","Andy Madley","4","1","H"
"14844","19-10-24 16:00","England","Premier League","2024/2025","Fulham","Aston Villa","Darren England","1","3","A"
"14845","19-10-24 16:00","England","Premier League","2024/2025","Ipswich","Everton","Michael Oliver","0","2","A"
"14846","19-10-24 16:00","England","Premier League","2024/2025","Manchester Utd","Brentford","Samuel Barrott","2","1","H"
"14847","19-10-24 16:00","England","Premier League","2024/2025","Newcastle","Brighton","Peter Bankes","0","1","A"
"14848","19-10-24 16:00","England","Premier League","2024/2025","Southampton","Leicester","Anthony Taylor","2","3","A"
"14843","19-10-24 18:30","England","Premier League","2024/2025","Bournemouth","Arsenal","Robert Jones","2","0","H"
"14842","20-10-24 15:00","England","Premier League","2024/2025","Wolves","Manchester City","Chris Kavanagh","1","2","A"
"14841","20-10-24 17:30","England","Premier League","2024/2025","Liverpool","Chelsea","John Brooks","2","1","H"
"14840","21-10-24 21:00","England","Premier League","2024/2025","Nottingham","Crystal Palace","Tim Robinson","1","0","H"
"14839","25-10-24 21:00","England","Premier League","2024/2025","Leicester","Nottingham","Craig Pawson","1","3","A"
"14835","26-10-24 16:00","England","Premier League","2024/2025","Aston Villa","Bournemouth","Chris Kavanagh","1","1","D"
"14836","26-10-24 16:00","England","Premier League","2024/2025","Brentford","Ipswich","Lewis Smith","4","3","H"
"14837","26-10-24 16:00","England","Premier League","2024/2025","Brighton","Wolves","Michael Oliver","2","2","D"
"14838","26-10-24 16:00","England","Premier League","2024/2025","Manchester City","Southampton","Tony Harrington","1","0","H"
"14834","26-10-24 18:30","England","Premier League","2024/2025","Everton","Fulham","John Brooks","1","1","D"
"14831","27-10-24 15:00","England","Premier League","2024/2025","Chelsea","Newcastle","Simon Hooper","2","1","H"
"14832","27-10-24 15:00","England","Premier League","2024/2025","Crystal Palace","Tottenham","Darren Bond","1","0","H"
"14833","27-10-24 15:00","England","Premier League","2024/2025","West Ham","Manchester Utd","David Coote","2","1","H"
"14830","27-10-24 17:30","England","Premier League","2024/2025","Arsenal","Liverpool","Anthony Taylor","2","2","D"
"14829","02-11-24 13:30","England","Premier League","2024/2025","Newcastle","Arsenal","John Brooks","1","0","H"
"14824","02-11-24 16:00","England","Premier League","2024/2025","Bournemouth","Manchester City","Michael Oliver","2","1","H"
"14825","02-11-24 16:00","England","Premier League","2024/2025","Ipswich","Leicester","Tim Robinson","1","1","D"
"14826","02-11-24 16:00","England","Premier League","2024/2025","Liverpool","Brighton","Tony Harrington","2","1","H"
"14827","02-11-24 16:00","England","Premier League","2024/2025","Nottingham","West Ham","Peter Bankes","3","0","H"
"14828","02-11-24 16:00","England","Premier League","2024/2025","Southampton","Everton","Andy Madley","1","0","H"
"14823","02-11-24 18:30","England","Premier League","2024/2025","Wolves","Crystal Palace","Anthony Taylor","2","2","D"
"14822","03-11-24 15:00","England","Premier League","2024/2025","Tottenham","Aston Villa","Craig Pawson","4","1","H"
"14821","03-11-24 17:30","England","Premier League","2024/2025","Manchester Utd","Chelsea","Robert Jones","1","1","D"
"14820","04-11-24 21:00","England","Premier League","2024/2025","Fulham","Brentford","Stuart Attwell","2","1","H"
"14816","09-11-24 16:00","England","Premier League","2024/2025","Brentford","Bournemouth","Darren Bond","3","2","H"
"14817","09-11-24 16:00","England","Premier League","2024/2025","Crystal Palace","Fulham","Michael Salisbury","0","2","A"
"14818","09-11-24 16:00","England","Premier League","2024/2025","West Ham","Everton","Stuart Attwell","0","0","D"
"14819","09-11-24 16:00","England","Premier League","2024/2025","Wolves","Southampton","Thomas Bramall","2","0","H"
"14815","09-11-24 18:30","England","Premier League","2024/2025","Brighton","Manchester City","Samuel Barrott","2","1","H"
"14814","09-11-24 21:00","England","Premier League","2024/2025","Liverpool","Aston Villa","David Coote","2","0","H"
"14811","10-11-24 15:00","England","Premier League","2024/2025","Manchester Utd","Leicester","Peter Bankes","3","0","H"
"14812","10-11-24 15:00","England","Premier League","2024/2025","Nottingham","Newcastle","Anthony Taylor","1","3","A"
"14813","10-11-24 15:00","England","Premier League","2024/2025","Tottenham","Ipswich","Darren England","1","2","A"
"14810","10-11-24 17:30","England","Premier League","2024/2025","Chelsea","Arsenal","Michael Oliver","1","1","D"
"14809","23-11-24 13:30","England","Premier League","2024/2025","Leicester","Chelsea","Andy Madley","1","2","A"
"14804","23-11-24 16:00","England","Premier League","2024/2025","Arsenal","Nottingham","Simon Hooper","3","0","H"
"14805","23-11-24 16:00","England","Premier League","2024/2025","Aston Villa","Crystal Palace","Tim Robinson","2","2","D"
"14806","23-11-24 16:00","England","Premier League","2024/2025","Bournemouth","Brighton","Stuart Attwell","1","2","A"
"14807","23-11-24 16:00","England","Premier League","2024/2025","Everton","Brentford","Chris Kavanagh","0","0","D"
"14808","23-11-24 16:00","England","Premier League","2024/2025","Fulham","Wolves","Robert Jones","1","4","A"
"14803","23-11-24 18:30","England","Premier League","2024/2025","Manchester City","Tottenham","John Brooks","0","4","A"
"14802","24-11-24 15:00","England","Premier League","2024/2025","Southampton","Liverpool","Samuel Barrott","2","3","A"
"14801","24-11-24 17:30","England","Premier League","2024/2025","Ipswich","Manchester Utd","Anthony Taylor","1","1","D"
"14800","25-11-24 21:00","England","Premier League","2024/2025","Newcastle","West Ham","Craig Pawson","0","2","A"
"14799","29-11-24 21:00","England","Premier League","2024/2025","Brighton","Southampton","Robert Jones","1","1","D"
"14795","30-11-24 16:00","England","Premier League","2024/2025","Brentford","Leicester","Michael Oliver","4","1","H"
"14796","30-11-24 16:00","England","Premier League","2024/2025","Crystal Palace","Newcastle","Darren England","1","1","D"
"14797","30-11-24 16:00","England","Premier League","2024/2025","Nottingham","Ipswich","Tony Harrington","1","0","H"
"14798","30-11-24 16:00","England","Premier League","2024/2025","Wolves","Bournemouth","Peter Bankes","2","4","A"
"14794","30-11-24 18:30","England","Premier League","2024/2025","West Ham","Arsenal","Anthony Taylor","2","5","A"
"14791","01-12-24 14:30","England","Premier League","2024/2025","Chelsea","Aston Villa","Stuart Attwell","3","0","H"
"14792","01-12-24 14:30","England","Premier League","2024/2025","Manchester Utd","Everton","John Brooks","4","0","H"
"14793","01-12-24 14:30","England","Premier League","2024/2025","Tottenham","Fulham","Darren Bond","1","1","D"
"14790","01-12-24 17:00","England","Premier League","2024/2025","Liverpool","Manchester City","Chris Kavanagh","2","0","H"
"14789","03-12-24 20:30","England","Premier League","2024/2025","Ipswich","Crystal Palace","Craig Pawson","0","1","A"
"14788","03-12-24 21:15","England","Premier League","2024/2025","Leicester","West Ham","Josh Smith","3","1","H"
"14784","04-12-24 20:30","England","Premier League","2024/2025","Everton","Wolves","Michael Salisbury","4","0","H"
"14785","04-12-24 20:30","England","Premier League","2024/2025","Manchester City","Nottingham","Michael Oliver","3","0","H"
"14786","04-12-24 20:30","England","Premier League","2024/2025","Newcastle","Liverpool","Andy Madley","3","3","D"
"14787","04-12-24 20:30","England","Premier League","2024/2025","Southampton","Chelsea","Tony Harrington","1","5","A"
"14782","04-12-24 21:15","England","Premier League","2024/2025","Arsenal","Manchester Utd","Samuel Barrott","2","0","H"
"14783","04-12-24 21:15","England","Premier League","2024/2025","Aston Villa","Brentford","Lewis Smith","3","1","H"
"14781","05-12-24 20:30","England","Premier League","2024/2025","Fulham","Brighton","Peter Bankes","3","1","H"
"14780","05-12-24 21:15","England","Premier League","2024/2025","Bournemouth","Tottenham","Simon Hooper","1","0","H"
"14777","07-12-24 16:00","England","Premier League","2024/2025","Aston Villa","Southampton","Darren Bond","1","0","H"
"14778","07-12-24 16:00","England","Premier League","2024/2025","Brentford","Newcastle","Simon Hooper","4","2","H"
"14779","07-12-24 16:00","England","Premier League","2024/2025","Crystal Palace","Manchester City","Robert Jones","2","2","D"
"14776","07-12-24 18:30","England","Premier League","2024/2025","Manchester Utd","Nottingham","Darren England","2","3","A"
"14773","08-12-24 15:00","England","Premier League","2024/2025","Fulham","Arsenal","Chris Kavanagh","1","1","D"
"14774","08-12-24 15:00","England","Premier League","2024/2025","Ipswich","Bournemouth","Michael Salisbury","1","2","A"
"14775","08-12-24 15:00","England","Premier League","2024/2025","Leicester","Brighton","Stuart Attwell","2","2","D"
"14772","08-12-24 17:30","England","Premier League","2024/2025","Tottenham","Chelsea","Anthony Taylor","3","4","A"
"14771","09-12-24 21:00","England","Premier League","2024/2025","West Ham","Wolves","John Brooks","2","1","H"
"14767","14-12-24 16:00","England","Premier League","2024/2025","Arsenal","Everton","Craig Pawson","0","0","D"
"14768","14-12-24 16:00","England","Premier League","2024/2025","Liverpool","Fulham","Tony Harrington","2","2","D"
"14769","14-12-24 16:00","England","Premier League","2024/2025","Newcastle","Leicester","Thomas Bramall","4","0","H"
"14770","14-12-24 16:00","England","Premier League","2024/2025","Wolves","Ipswich","Simon Hooper","1","2","A"
"14766","14-12-24 18:30","England","Premier League","2024/2025","Nottingham","Aston Villa","Samuel Barrott","2","1","H"
"14765","15-12-24 15:00","England","Premier League","2024/2025","Brighton","Crystal Palace","Michael Oliver","1","3","A"
"14764","15-12-24 17:30","England","Premier League","2024/2025","Manchester City","Manchester Utd","Anthony Taylor","1","2","A"
"14762","15-12-24 20:00","England","Premier League","2024/2025","Chelsea","Brentford","Peter Bankes","2","1","H"
"14763","15-12-24 20:00","England","Premier League","2024/2025","Southampton","Tottenham","Darren England","0","5","A"
"14761","16-12-24 21:00","England","Premier League","2024/2025","Bournemouth","West Ham","Chris Kavanagh","1","1","D"
"14760","21-12-24 13:30","England","Premier League","2024/2025","Aston Villa","Manchester City","Peter Bankes","2","1","H"
"14757","21-12-24 16:00","England","Premier League","2024/2025","Brentford","Nottingham","Michael Oliver","0","2","A"
"14758","21-12-24 16:00","England","Premier League","2024/2025","Ipswich","Newcastle","Stuart Attwell","0","4","A"
"14759","21-12-24 16:00","England","Premier League","2024/2025","West Ham","Brighton","Robert Jones","1","1","D"
"14756","21-12-24 18:30","England","Premier League","2024/2025","Crystal Palace","Arsenal","Simon Hooper","1","5","A"
"14752","22-12-24 15:00","England","Premier League","2024/2025","Everton","Chelsea","Chris Kavanagh","0","0","D"
"14753","22-12-24 15:00","England","Premier League","2024/2025","Fulham","Southampton","Tim Robinson","0","0","D"
"14754","22-12-24 15:00","England","Premier League","2024/2025","Leicester","Wolves","Anthony Taylor","0","3","A"
"14755","22-12-24 15:00","England","Premier League","2024/2025","Manchester Utd","Bournemouth","Craig Pawson","0","3","A"
"14751","22-12-24 17:30","England","Premier League","2024/2025","Tottenham","Liverpool","Samuel Barrott","3","6","A"
"14750","26-12-24 13:30","England","Premier League","2024/2025","Manchester City","Everton","Simon Hooper","1","1","D"
"14745","26-12-24 16:00","England","Premier League","2024/2025","Bournemouth","Crystal Palace","Thomas Bramall","0","0","D"
"14746","26-12-24 16:00","England","Premier League","2024/2025","Chelsea","Fulham","Samuel Barrott","1","2","A"
"14747","26-12-24 16:00","England","Premier League","2024/2025","Newcastle","Aston Villa","Anthony Taylor","3","0","H"
"14748","26-12-24 16:00","England","Premier League","2024/2025","Nottingham","Tottenham","Craig Pawson","1","0","H"
"14749","26-12-24 16:00","England","Premier League","2024/2025","Southampton","West Ham","Lewis Smith","0","1","A"
"14744","26-12-24 18:30","England","Premier League","2024/2025","Wolves","Manchester Utd","Tony Harrington","2","0","H"
"14743","26-12-24 21:00","England","Premier League","2024/2025","Liverpool","Leicester","Darren Bond","3","1","H"
"14742","27-12-24 20:30","England","Premier League","2024/2025","Brighton","Brentford","Andy Madley","0","0","D"
"14741","27-12-24 21:15","England","Premier League","2024/2025","Arsenal","Ipswich","Darren England","1","0","H"
"14740","29-12-24 15:30","England","Premier League","2024/2025","Leicester","Manchester City","Michael Oliver","0","2","A"
"14736","29-12-24 16:00","England","Premier League","2024/2025","Crystal Palace","Southampton","Michael Salisbury","2","1","H"
"14737","29-12-24 16:00","England","Premier League","2024/2025","Everton","Nottingham","Tony Harrington","0","2","A"
"14738","29-12-24 16:00","England","Premier League","2024/2025","Fulham","Bournemouth","Robert Jones","2","2","D"
"14739","29-12-24 16:00","England","Premier League","2024/2025","Tottenham","Wolves","Chris Kavanagh","2","2","D"
"14735","29-12-24 18:15","England","Premier League","2024/2025","West Ham","Liverpool","Anthony Taylor","0","5","A"
"14733","30-12-24 20:45","England","Premier League","2024/2025","Aston Villa","Brighton","Craig Pawson","2","2","D"
"14734","30-12-24 20:45","England","Premier League","2024/2025","Ipswich","Chelsea","John Brooks","2","0","H"
"14732","30-12-24 21:00","England","Premier League","2024/2025","Manchester Utd","Newcastle","Simon Hooper","0","2","A"
"14731","01-01-25 18:30","England","Premier League","2024/2025","Brentford","Arsenal","Peter Bankes","1","3","A"
"14730","04-01-25 13:30","England","Premier League","2024/2025","Tottenham","Newcastle","Andy Madley","1","2","A"
"14725","04-01-25 16:00","England","Premier League","2024/2025","Aston Villa","Leicester","Jarred Gillett","2","1","H"
"14726","04-01-25 16:00","England","Premier League","2024/2025","Bournemouth","Everton","John Brooks","1","0","H"
"14727","04-01-25 16:00","England","Premier League","2024/2025","Crystal Palace","Chelsea","Tim Robinson","1","1","D"
"14728","04-01-25 16:00","England","Premier League","2024/2025","Manchester City","West Ham","Michael Salisbury","4","1","H"
"14729","04-01-25 16:00","England","Premier League","2024/2025","Southampton","Brentford","Stuart Attwell","0","5","A"
"14724","04-01-25 18:30","England","Premier League","2024/2025","Brighton","Arsenal","Anthony Taylor","1","1","D"
"14723","05-01-25 15:00","England","Premier League","2024/2025","Fulham","Ipswich","Darren Bond","2","2","D"
"14722","05-01-25 17:30","England","Premier League","2024/2025","Liverpool","Manchester Utd","Michael Oliver","2","2","D"
"14721","06-01-25 21:00","England","Premier League","2024/2025","Wolves","Nottingham","Peter Bankes","0","3","A"
"14718","14-01-25 20:30","England","Premier League","2024/2025","Brentford","Manchester City","Anthony Taylor","2","2","D"
"14719","14-01-25 20:30","England","Premier League","2024/2025","Chelsea","Bournemouth","Robert Jones","2","2","D"
"14720","14-01-25 20:30","England","Premier League","2024/2025","West Ham","Fulham","Craig Pawson","3","2","H"
"14717","14-01-25 21:00","England","Premier League","2024/2025","Nottingham","Liverpool","Chris Kavanagh","1","1","D"
"14714","15-01-25 20:30","England","Premier League","2024/2025","Everton","Aston Villa","Samuel Barrott","0","1","A"
"14715","15-01-25 20:30","England","Premier League","2024/2025","Leicester","Crystal Palace","Andy Madley","0","2","A"
"14716","15-01-25 20:30","England","Premier League","2024/2025","Newcastle","Wolves","Darren England","3","0","H"
"14713","15-01-25 21:00","England","Premier League","2024/2025","Arsenal","Tottenham","Simon Hooper","2","1","H"
"14712","16-01-25 20:30","England","Premier League","2024/2025","Ipswich","Brighton","Tony Harrington","0","2","A"
"14711","16-01-25 21:00","England","Premier League","2024/2025","Manchester Utd","Southampton","John Brooks","3","1","H"
"14710","18-01-25 13:30","England","Premier League","2024/2025","Newcastle","Bournemouth","Stuart Attwell","1","4","A"
"14707","18-01-25 16:00","England","Premier League","2024/2025","Brentford","Liverpool","Andy Madley","0","2","A"
"14708","18-01-25 16:00","England","Premier League","2024/2025","Leicester","Fulham","Michael Salisbury","0","2","A"
"14709","18-01-25 16:00","England","Premier League","2024/2025","West Ham","Crystal Palace","Thomas Bramall","0","2","A"
"14706","18-01-25 18:30","England","Premier League","2024/2025","Arsenal","Aston Villa","Chris Kavanagh","2","2","D"
"14703","19-01-25 15:00","England","Premier League","2024/2025","Everton","Tottenham","Darren England","3","2","H"
"14704","19-01-25 15:00","England","Premier League","2024/2025","Manchester Utd","Brighton","Peter Bankes","1","3","A"
"14705","19-01-25 15:00","England","Premier League","2024/2025","Nottingham","Southampton","Anthony Taylor","3","2","H"
"14702","19-01-25 17:30","England","Premier League","2024/2025","Ipswich","Manchester City","Samuel Barrott","0","6","A"
"14701","20-01-25 21:00","England","Premier League","2024/2025","Chelsea","Wolves","Simon Hooper","3","1","H"
"14696","25-01-25 16:00","England","Premier League","2024/2025","Bournemouth","Nottingham","Craig Pawson","5","0","H"
"14697","25-01-25 16:00","England","Premier League","2024/2025","Brighton","Everton","Tim Robinson","0","1","A"
"14698","25-01-25 16:00","England","Premier League","2024/2025","Liverpool","Ipswich","Michael Salisbury","4","1","H"
"14699","25-01-25 16:00","England","Premier League","2024/2025","Southampton","Newcastle","Samuel Barrott","1","3","A"
"14700","25-01-25 16:00","England","Premier League","2024/2025","Wolves","Arsenal","Michael Oliver","0","1","A"
"14695","25-01-25 18:30","England","Premier League","2024/2025","Manchester City","Chelsea","John Brooks","3","1","H"
"14693","26-01-25 15:00","England","Premier League","2024/2025","Crystal Palace","Brentford","Tony Harrington","1","2","A"
"14694","26-01-25 15:00","England","Premier League","2024/2025","Tottenham","Leicester","Robert Jones","1","2","A"
"14692","26-01-25 17:30","England","Premier League","2024/2025","Aston Villa","West Ham","Peter Bankes","1","1","D"
"14691","26-01-25 20:00","England","Premier League","2024/2025","Fulham","Manchester Utd","Anthony Taylor","0","1","A"
"14690","01-02-25 13:30","England","Premier League","2024/2025","Nottingham","Brighton","Simon Hooper","7","0","H"
"14686","01-02-25 16:00","England","Premier League","2024/2025","Bournemouth","Liverpool","Darren England","0","2","A"
"14687","01-02-25 16:00","England","Premier League","2024/2025","Everton","Leicester","Darren Bond","4","0","H"
"14688","01-02-25 16:00","England","Premier League","2024/2025","Ipswich","Southampton","Michael Oliver","1","2","A"
"14689","01-02-25 16:00","England","Premier League","2024/2025","Newcastle","Fulham","Chris Kavanagh","1","2","A"
"14685","01-02-25 18:30","England","Premier League","2024/2025","Wolves","Aston Villa","Andy Madley","2","0","H"
"14683","02-02-25 15:00","England","Premier League","2024/2025","Brentford","Tottenham","Jarred Gillett","0","2","A"
"14684","02-02-25 15:00","England","Premier League","2024/2025","Manchester Utd","Crystal Palace","John Brooks","0","2","A"
"14682","02-02-25 17:30","England","Premier League","2024/2025","Arsenal","Manchester City","Peter Bankes","5","1","H"
"14681","03-02-25 21:00","England","Premier League","2024/2025","Chelsea","West Ham","Stuart Attwell","2","1","H"
"14680","12-02-25 20:30","England","Premier League","2024/2025","Everton","Liverpool","Michael Oliver","2","2","D"
"14679","14-02-25 21:00","England","Premier League","2024/2025","Brighton","Chelsea","Chris Kavanagh","3","0","H"
"14678","15-02-25 13:30","England","Premier League","2024/2025","Leicester","Arsenal","Samuel Barrott","0","2","A"
"14673","15-02-25 16:00","England","Premier League","2024/2025","Aston Villa","Ipswich","Robert Jones","1","1","D"
"14674","15-02-25 16:00","England","Premier League","2024/2025","Fulham","Nottingham","Thomas Bramall","2","1","H"
"14675","15-02-25 16:00","England","Premier League","2024/2025","Manchester City","Newcastle","Andy Madley","4","0","H"
"14676","15-02-25 16:00","England","Premier League","2024/2025","Southampton","Bournemouth","Jarred Gillett","1","3","A"
"14677","15-02-25 16:00","England","Premier League","2024/2025","West Ham","Brentford","Darren England","0","1","A"
"14672","15-02-25 18:30","England","Premier League","2024/2025","Crystal Palace","Everton","Anthony Taylor","1","2","A"
"14671","16-02-25 15:00","England","Premier League","2024/2025","Liverpool","Wolves","Simon Hooper","2","1","H"
"14670","16-02-25 17:30","England","Premier League","2024/2025","Tottenham","Manchester Utd","Peter Bankes","1","0","H"
"14669","19-02-25 20:30","England","Premier League","2024/2025","Aston Villa","Liverpool","Craig Pawson","2","2","D"
"14668","21-02-25 21:00","England","Premier League","2024/2025","Leicester","Brentford","Tony Harrington","0","4","A"
"14667","22-02-25 13:30","England","Premier League","2024/2025","Everton","Manchester Utd","Andy Madley","2","2","D"
"14662","22-02-25 16:00","England","Premier League","2024/2025","Arsenal","West Ham","Craig Pawson","0","1","A"
"14663","22-02-25 16:00","England","Premier League","2024/2025","Bournemouth","Wolves","Michael Salisbury","0","1","A"
"14664","22-02-25 16:00","England","Premier League","2024/2025","Fulham","Crystal Palace","Robert Jones","0","2","A"
"14665","22-02-25 16:00","England","Premier League","2024/2025","Ipswich","Tottenham","Tim Robinson","1","4","A"
"14666","22-02-25 16:00","England","Premier League","2024/2025","Southampton","Brighton","Darren Bond","0","4","A"
"14661","22-02-25 18:30","England","Premier League","2024/2025","Aston Villa","Chelsea","Michael Oliver","2","1","H"
"14660","23-02-25 15:00","England","Premier League","2024/2025","Newcastle","Nottingham","Jarred Gillett","4","3","H"
"14659","23-02-25 17:30","England","Premier League","2024/2025","Manchester City","Liverpool","Anthony Taylor","0","2","A"
"14656","25-02-25 20:30","England","Premier League","2024/2025","Brighton","Bournemouth","Michael Oliver","2","1","H"
"14657","25-02-25 20:30","England","Premier League","2024/2025","Crystal Palace","Aston Villa","Samuel Barrott","4","1","H"
"14658","25-02-25 20:30","England","Premier League","2024/2025","Wolves","Fulham","Peter Bankes","1","2","A"
"14655","25-02-25 21:15","England","Premier League","2024/2025","Chelsea","Southampton","Thomas Bramall","4","0","H"
"14651","26-02-25 20:30","England","Premier League","2024/2025","Brentford","Everton","Simon Hooper","1","1","D"
"14652","26-02-25 20:30","England","Premier League","2024/2025","Manchester Utd","Ipswich","Darren England","3","2","H"
"14653","26-02-25 20:30","England","Premier League","2024/2025","Nottingham","Arsenal","Andy Madley","0","0","D"
"14654","26-02-25 20:30","England","Premier League","2024/2025","Tottenham","Manchester City","Jarred Gillett","0","1","A"
"14650","26-02-25 21:15","England","Premier League","2024/2025","Liverpool","Newcastle","Stuart Attwell","2","0","H"
"14649","27-02-25 21:00","England","Premier League","2024/2025","West Ham","Leicester","Anthony Taylor","2","0","H"
"14648","08-03-25 13:30","England","Premier League","2024/2025","Nottingham","Manchester City","Chris Kavanagh","1","0","H"
"14645","08-03-25 16:00","England","Premier League","2024/2025","Brighton","Fulham","Samuel Barrott","2","1","H"
"14646","08-03-25 16:00","England","Premier League","2024/2025","Crystal Palace","Ipswich","Simon Hooper","1","0","H"
"14647","08-03-25 16:00","England","Premier League","2024/2025","Liverpool","Southampton","Lewis Smith","3","1","H"
"14644","08-03-25 18:30","England","Premier League","2024/2025","Brentford","Aston Villa","Jarred Gillett","0","1","A"
"14643","08-03-25 21:00","England","Premier League","2024/2025","Wolves","Everton","Stuart Attwell","1","1","D"
"14641","09-03-25 15:00","England","Premier League","2024/2025","Chelsea","Leicester","Tim Robinson","1","0","H"
"14642","09-03-25 15:00","England","Premier League","2024/2025","Tottenham","Bournemouth","John Brooks","2","2","D"
"14640","09-03-25 17:30","England","Premier League","2024/2025","Manchester Utd","Arsenal","Anthony Taylor","1","1","D"
"14639","10-03-25 21:00","England","Premier League","2024/2025","West Ham","Newcastle","Michael Salisbury","0","1","A"
"14635","15-03-25 16:00","England","Premier League","2024/2025","Everton","West Ham","Darren Bond","1","1","D"
"14636","15-03-25 16:00","England","Premier League","2024/2025","Ipswich","Nottingham","Michael Salisbury","2","4","A"
"14637","15-03-25 16:00","England","Premier League","2024/2025","Manchester City","Brighton","Simon Hooper","2","2","D"
"14638","15-03-25 16:00","England","Premier League","2024/2025","Southampton","Wolves","Robert Jones","1","2","A"
"14634","15-03-25 18:30","England","Premier League","2024/2025","Bournemouth","Brentford","Craig Pawson","1","2","A"
"14632","16-03-25 14:30","England","Premier League","2024/2025","Arsenal","Chelsea","Chris Kavanagh","1","0","H"
"14633","16-03-25 14:30","England","Premier League","2024/2025","Fulham","Tottenham","Andy Madley","2","0","H"
"14631","16-03-25 20:00","England","Premier League","2024/2025","Leicester","Manchester Utd","Thomas Bramall","0","3","A"
"14629","01-04-25 20:45","England","Premier League","2024/2025","Arsenal","Fulham","John Brooks","2","1","H"
"14630","01-04-25 20:45","England","Premier League","2024/2025","Wolves","West Ham","Tony Harrington","1","0","H"
"14628","01-04-25 21:00","England","Premier League","2024/2025","Nottingham","Manchester Utd","Jarred Gillett","1","0","H"
"14623","02-04-25 20:45","England","Premier League","2024/2025","Bournemouth","Ipswich","Robert Jones","1","2","A"
"14624","02-04-25 20:45","England","Premier League","2024/2025","Brighton","Aston Villa","Stuart Attwell","0","3","A"
"14625","02-04-25 20:45","England","Premier League","2024/2025","Manchester City","Leicester","Darren England","2","0","H"
"14626","02-04-25 20:45","England","Premier League","2024/2025","Newcastle","Brentford","Peter Bankes","2","1","H"
"14627","02-04-25 20:45","England","Premier League","2024/2025","Southampton","Crystal Palace","Andy Madley","1","1","D"
"14622","02-04-25 21:00","England","Premier League","2024/2025","Liverpool","Everton","Samuel Barrott","1","0","H"
"14621","03-04-25 21:00","England","Premier League","2024/2025","Chelsea","Tottenham","Craig Pawson","1","0","H"
"14620","05-04-25 13:30","England","Premier League","2024/2025","Everton","Arsenal","Darren England","1","1","D"
"14617","05-04-25 16:00","England","Premier League","2024/2025","Crystal Palace","Brighton","Anthony Taylor","2","1","H"
"14618","05-04-25 16:00","England","Premier League","2024/2025","Ipswich","Wolves","Peter Bankes","1","2","A"
"14619","05-04-25 16:00","England","Premier League","2024/2025","West Ham","Bournemouth","Tim Robinson","2","2","D"
"14616","05-04-25 18:30","England","Premier League","2024/2025","Aston Villa","Nottingham","Simon Hooper","2","1","H"
"14613","06-04-25 15:00","England","Premier League","2024/2025","Brentford","Chelsea","Michael Oliver","0","0","D"
"14614","06-04-25 15:00","England","Premier League","2024/2025","Fulham","Liverpool","Chris Kavanagh","3","2","H"
"14615","06-04-25 15:00","England","Premier League","2024/2025","Tottenham","Southampton","Michael Salisbury","3","1","H"
"14612","06-04-25 17:30","England","Premier League","2024/2025","Manchester Utd","Manchester City","John Brooks","0","0","D"
"14611","07-04-25 21:00","England","Premier League","2024/2025","Leicester","Newcastle","Robert Jones","0","3","A"
"14610","12-04-25 13:30","England","Premier League","2024/2025","Manchester City","Crystal Palace","Jarred Gillett","5","2","H"
"14607","12-04-25 16:00","England","Premier League","2024/2025","Brighton","Leicester","Darren Bond","2","2","D"
"14608","12-04-25 16:00","England","Premier League","2024/2025","Nottingham","Everton","Craig Pawson","0","1","A"
"14609","12-04-25 16:00","England","Premier League","2024/2025","Southampton","Aston Villa","Thomas Bramall","0","3","A"
"14606","12-04-25 18:30","England","Premier League","2024/2025","Arsenal","Brentford","Simon Hooper","1","1","D"
"14603","13-04-25 15:00","England","Premier League","2024/2025","Chelsea","Ipswich","Stuart Attwell","2","2","D"
"14604","13-04-25 15:00","England","Premier League","2024/2025","Liverpool","West Ham","Andy Madley","2","1","H"
"14605","13-04-25 15:00","England","Premier League","2024/2025","Wolves","Tottenham","Anthony Taylor","4","2","H"
"14602","13-04-25 17:30","England","Premier League","2024/2025","Newcastle","Manchester Utd","Chris Kavanagh","4","1","H"
"14601","14-04-25 21:00","England","Premier League","2024/2025","Bournemouth","Fulham","Michael Oliver","1","0","H"
"14600","16-04-25 20:30","England","Premier League","2024/2025","Newcastle","Crystal Palace","Darren England","5","0","H"
"14596","19-04-25 16:00","England","Premier League","2024/2025","Brentford","Brighton","Tim Robinson","4","2","H"
"14597","19-04-25 16:00","England","Premier League","2024/2025","Crystal Palace","Bournemouth","Samuel Barrott","0","0","D"
"14598","19-04-25 16:00","England","Premier League","2024/2025","Everton","Manchester City","Simon Hooper","0","2","A"
"14599","19-04-25 16:00","England","Premier League","2024/2025","West Ham","Southampton","Andrew Kitchen","1","1","D"
"14595","19-04-25 18:30","England","Premier League","2024/2025","Aston Villa","Newcastle","Jarred Gillett","4","1","H"
"14592","20-04-25 15:00","England","Premier League","2024/2025","Fulham","Chelsea","Anthony Taylor","1","2","A"
"14593","20-04-25 15:00","England","Premier League","2024/2025","Ipswich","Arsenal","Chris Kavanagh","0","4","A"
"14594","20-04-25 15:00","England","Premier League","2024/2025","Manchester Utd","Wolves","Robert Jones","0","1","A"
"14591","20-04-25 17:30","England","Premier League","2024/2025","Leicester","Liverpool","Stuart Attwell","0","1","A"
"14590","21-04-25 21:00","England","Premier League","2024/2025","Tottenham","Nottingham","Peter Bankes","1","2","A"
"14589","22-04-25 21:00","England","Premier League","2024/2025","Manchester City","Aston Villa","Craig Pawson","2","1","H"
"14588","23-04-25 21:00","England","Premier League","2024/2025","Arsenal","Crystal Palace","Michael Salisbury","2","2","D"
"14587","26-04-25 13:30","England","Premier League","2024/2025","Chelsea","Everton","Chris Kavanagh","1","0","H"
"14583","26-04-25 16:00","England","Premier League","2024/2025","Brighton","West Ham","Darren England","3","2","H"
"14584","26-04-25 16:00","England","Premier League","2024/2025","Newcastle","Ipswich","Michael Salisbury","3","0","H"
"14585","26-04-25 16:00","England","Premier League","2024/2025","Southampton","Fulham","Tony Harrington","1","2","A"
"14586","26-04-25 16:00","England","Premier League","2024/2025","Wolves","Leicester","Samuel Barrott","3","0","H"
"14582","27-04-25 15:00","England","Premier League","2024/2025","Bournemouth","Manchester Utd","Peter Bankes","1","1","D"
"14581","27-04-25 17:30","England","Premier League","2024/2025","Liverpool","Tottenham","Thomas Bramall","5","1","H"
"14580","01-05-25 20:30","England","Premier League","2024/2025","Nottingham","Brentford","Darren England","0","2","A"
"26896","02-05-25 21:00","England","Premier League","2024/2025","Manchester City","Wolves","Peter Bankes","1","0","H"
"14578","03-05-25 13:30","England","Premier League","2024/2025","Aston Villa","Fulham","Robert Jones","1","0","H"
"14576","03-05-25 16:00","England","Premier League","2024/2025","Everton","Ipswich","Lewis Smith","2","2","D"
"14577","03-05-25 16:00","England","Premier League","2024/2025","Leicester","Southampton","David Webb","2","0","H"
"14575","03-05-25 18:30","England","Premier League","2024/2025","Arsenal","Bournemouth","Jarred Gillett","1","2","A"
"14572","04-05-25 15:00","England","Premier League","2024/2025","Brentford","Manchester Utd","Anthony Taylor","4","3","H"
"14573","04-05-25 15:00","England","Premier League","2024/2025","Brighton","Newcastle","Craig Pawson","1","1","D"
"14574","04-05-25 15:00","England","Premier League","2024/2025","West Ham","Tottenham","Michael Oliver","1","1","D"
"14571","04-05-25 17:30","England","Premier League","2024/2025","Chelsea","Liverpool","Simon Hooper","3","1","H"
"14570","05-05-25 21:00","England","Premier League","2024/2025","Crystal Palace","Nottingham","Andy Madley","1","1","D"
"14566","10-05-25 16:00","England","Premier League","2024/2025","Fulham","Everton","Darren England","1","3","A"
"14567","10-05-25 16:00","England","Premier League","2024/2025","Ipswich","Brentford","Samuel Barrott","0","1","A"
"14568","10-05-25 16:00","England","Premier League","2024/2025","Southampton","Manchester City","Tim Robinson","0","0","D"
"14569","10-05-25 16:00","England","Premier League","2024/2025","Wolves","Brighton","Michael Oliver","0","2","A"
"14565","10-05-25 18:30","England","Premier League","2024/2025","Bournemouth","Aston Villa","Stuart Attwell","0","1","A"
"14564","11-05-25 13:00","England","Premier League","2024/2025","Newcastle","Chelsea","John Brooks","2","0","H"
"14561","11-05-25 15:15","England","Premier League","2024/2025","Manchester Utd","West Ham","Jarred Gillett","0","2","A"
"14562","11-05-25 15:15","England","Premier League","2024/2025","Nottingham","Leicester","Tony Harrington","2","2","D"
"14563","11-05-25 15:15","England","Premier League","2024/2025","Tottenham","Crystal Palace","Chris Kavanagh","0","2","A"
"14560","11-05-25 17:30","England","Premier League","2024/2025","Liverpool","Arsenal","Anthony Taylor","2","2","D"
"14559","16-05-25 20:30","England","Premier League","2024/2025","Aston Villa","Tottenham","Peter Bankes","2","0","H"
"14558","16-05-25 21:15","England","Premier League","2024/2025","Chelsea","Manchester Utd","Chris Kavanagh","1","0","H"
"14557","18-05-25 13:00","England","Premier League","2024/2025","Everton","Southampton","Michael Oliver","2","0","H"
"14556","18-05-25 15:15","England","Premier League","2024/2025","West Ham","Nottingham","Samuel Barrott","1","2","A"
"14554","18-05-25 16:00","England","Premier League","2024/2025","Brentford","Fulham","Jarred Gillett","2","3","A"
"14555","18-05-25 16:00","England","Premier League","2024/2025","Leicester","Ipswich","Andrew Kitchen","2","0","H"
"14553","18-05-25 17:30","England","Premier League","2024/2025","Arsenal","Newcastle","Simon Hooper","1","0","H"
"14552","19-05-25 21:00","England","Premier League","2024/2025","Brighton","Liverpool","Andy Madley","3","2","H"
"14550","20-05-25 21:00","England","Premier League","2024/2025","Crystal Palace","Wolves","David Webb","4","2","H"
"14551","20-05-25 21:00","England","Premier League","2024/2025","Manchester City","Bournemouth","Thomas Bramall","3","1","H"
"14540","25-05-25 17:00","England","Premier League","2024/2025","Bournemouth","Leicester","Lewis Smith","2","0","H"
"14541","25-05-25 17:00","England","Premier League","2024/2025","Fulham","Manchester City","Andy Madley","0","2","A"
"14542","25-05-25 17:00","England","Premier League","2024/2025","Ipswich","West Ham","Tim Robinson","1","3","A"
"14543","25-05-25 17:00","England","Premier League","2024/2025","Liverpool","Crystal Palace","Darren England","1","1","D"
"14544","25-05-25 17:00","England","Premier League","2024/2025","Manchester Utd","Aston Villa","Thomas Bramall","2","0","H"
"14545","25-05-25 17:00","England","Premier League","2024/2025","Newcastle","Everton","Tony Harrington","0","1","A"
"14546","25-05-25 17:00","England","Premier League","2024/2025","Nottingham","Chelsea","Anthony Taylor","0","1","A"
"14547","25-05-25 17:00","England","Premier League","2024/2025","Southampton","Arsenal","Darren Bond","1","2","A"
"14548","25-05-25 17:00","England","Premier League","2024/2025","Tottenham","Brighton","Robert Jones","1","4","A"
"14549","25-05-25 17:00","England","Premier League","2024/2025","Wolves","Brentford","Craig Pawson","1","1","D"
"74457","15-08-25 21:00","England","Premier League","2025/2026","Liverpool","Bournemouth","Anthony Taylor","4","2","H"
"64374","16-08-25 13:30","England","Premier League","2025/2026","Aston Villa","Newcastle","Craig Pawson","0","0","D"
"64371","16-08-25 16:00","England","Premier League","2025/2026","Brighton","Fulham","Samuel Barrott","1","1","D"
"64372","16-08-25 16:00","England","Premier League","2025/2026","Sunderland","West Ham","Robert Jones","3","0","H"
"64373","16-08-25 16:00","England","Premier League","2025/2026","Tottenham","Burnley","Michael Oliver","3","0","H"
"64370","16-08-25 18:30","England","Premier League","2025/2026","Wolves","Manchester City","Jarred Gillett","0","4","A"
"64403","17-08-25 15:00","England","Premier League","2025/2026","Chelsea","Crystal Palace","Darren England","0","0","D"
"64404","17-08-25 15:00","England","Premier League","2025/2026","Nottingham","Brentford","Peter Bankes","3","1","H"
"64402","17-08-25 17:30","England","Premier League","2025/2026","Manchester Utd","Arsenal","Simon Hooper","0","1","A"
"64444","18-08-25 21:00","England","Premier League","2025/2026","Leeds","Everton","Chris Kavanagh","1","0","H"
"64479","22-08-25 21:00","England","Premier League","2025/2026","West Ham","Chelsea","Michael Oliver","1","5","A"
"64536","23-08-25 13:30","England","Premier League","2025/2026","Manchester City","Tottenham","Peter Bankes","0","2","A"
"64533","23-08-25 16:00","England","Premier League","2025/2026","Bournemouth","Wolves","Thomas Bramall","1","0","H"
"64534","23-08-25 16:00","England","Premier League","2025/2026","Brentford","Aston Villa","Tony Harrington","1","0","H"
"64535","23-08-25 16:00","England","Premier League","2025/2026","Burnley","Sunderland","Michael Salisbury","2","0","H"
"64532","23-08-25 18:30","England","Premier League","2025/2026","Arsenal","Leeds","Jarred Gillett","5","0","H"
"64582","24-08-25 15:00","England","Premier League","2025/2026","Crystal Palace","Nottingham","Anthony Taylor","1","1","D"
"64583","24-08-25 15:00","England","Premier League","2025/2026","Everton","Brighton","Stuart Attwell","2","0","H"
"64581","24-08-25 17:30","England","Premier League","2025/2026","Fulham","Manchester Utd","Chris Kavanagh","1","1","D"
"64632","25-08-25 21:00","England","Premier League","2025/2026","Newcastle","Liverpool","Simon Hooper","2","3","A"
"64711","30-08-25 13:30","England","Premier League","2025/2026","Chelsea","Fulham","Robert Jones","2","0","H"
"64707","30-08-25 16:00","England","Premier League","2025/2026","Manchester Utd","Burnley","Samuel Barrott","3","2","H"
"64708","30-08-25 16:00","England","Premier League","2025/2026","Sunderland","Brentford","Anthony Taylor","2","1","H"
"64709","30-08-25 16:00","England","Premier League","2025/2026","Tottenham","Bournemouth","Simon Hooper","0","1","A"
"64710","30-08-25 16:00","England","Premier League","2025/2026","Wolves","Everton","Michael Oliver","2","3","A"
"64706","30-08-25 18:30","England","Premier League","2025/2026","Leeds","Newcastle","Peter Bankes","0","0","D"
"64763","31-08-25 15:00","England","Premier League","2025/2026","Brighton","Manchester City","Darren England","2","1","H"
"64764","31-08-25 15:00","England","Premier League","2025/2026","Nottingham","West Ham","Craig Pawson","0","3","A"
"64762","31-08-25 17:30","England","Premier League","2025/2026","Liverpool","Arsenal","Chris Kavanagh","1","0","H"
"64761","31-08-25 20:00","England","Premier League","2025/2026","Aston Villa","Crystal Palace","Stuart Attwell","0","3","A"
"64945","13-09-25 13:30","England","Premier League","2025/2026","Arsenal","Nottingham","Darren England","3","0","H"
"64940","13-09-25 16:00","England","Premier League","2025/2026","Bournemouth","Brighton","Peter Bankes","2","1","H"
"64941","13-09-25 16:00","England","Premier League","2025/2026","Crystal Palace","Sunderland","Thomas Bramall","0","0","D"
"64942","13-09-25 16:00","England","Premier League","2025/2026","Everton","Aston Villa","Simon Hooper","0","0","D"
"64943","13-09-25 16:00","England","Premier League","2025/2026","Fulham","Leeds","Craig Pawson","1","0","H"
"64944","13-09-25 16:00","England","Premier League","2025/2026","Newcastle","Wolves","Chris Kavanagh","1","0","H"
"64939","13-09-25 18:30","England","Premier League","2025/2026","West Ham","Tottenham","Jarred Gillett","0","3","A"
"64938","13-09-25 21:00","England","Premier League","2025/2026","Brentford","Chelsea","Stuart Attwell","2","2","D"
"64999","14-09-25 15:00","England","Premier League","2025/2026","Burnley","Liverpool","Michael Oliver","0","1","A"
"64998","14-09-25 17:30","England","Premier League","2025/2026","Manchester City","Manchester Utd","Anthony Taylor","3","0","H"
"65131","20-09-25 13:30","England","Premier League","2025/2026","Liverpool","Everton","Darren England","2","1","H"
"65127","20-09-25 16:00","England","Premier League","2025/2026","Brighton","Tottenham","Chris Kavanagh","2","2","D"
"65128","20-09-25 16:00","England","Premier League","2025/2026","Burnley","Nottingham","Thomas Bramall","1","1","D"
"65129","20-09-25 16:00","England","Premier League","2025/2026","West Ham","Crystal Palace","Tony Harrington","1","2","A"
"65130","20-09-25 16:00","England","Premier League","2025/2026","Wolves","Leeds","Anthony Taylor","1","3","A"
"65126","20-09-25 18:30","England","Premier League","2025/2026","Manchester Utd","Chelsea","Peter Bankes","2","1","H"
"65125","20-09-25 21:00","England","Premier League","2025/2026","Fulham","Brentford","Michael Oliver","3","1","H"
"65185","21-09-25 15:00","England","Premier League","2025/2026","Bournemouth","Newcastle","Robert Jones","0","0","D"
"65186","21-09-25 15:00","England","Premier League","2025/2026","Sunderland","Aston Villa","Samuel Barrott","1","1","D"
"65184","21-09-25 17:30","England","Premier League","2025/2026","Arsenal","Manchester City","Stuart Attwell","1","1","D"
"65330","27-09-25 13:30","England","Premier League","2025/2026","Brentford","Manchester Utd","Craig Pawson","3","1","H"
"65326","27-09-25 16:00","England","Premier League","2025/2026","Chelsea","Brighton","Simon Hooper","1","3","A"
"65327","27-09-25 16:00","England","Premier League","2025/2026","Crystal Palace","Liverpool","Chris Kavanagh","2","1","H"
"65328","27-09-25 16:00","England","Premier League","2025/2026","Leeds","Bournemouth","Michael Oliver","2","2","D"
"65329","27-09-25 16:00","England","Premier League","2025/2026","Manchester City","Burnley","Robert Jones","5","1","H"
"65325","27-09-25 18:30","England","Premier League","2025/2026","Nottingham","Sunderland","Tony Harrington","0","1","A"
"65324","27-09-25 21:00","England","Premier League","2025/2026","Tottenham","Wolves","Michael Salisbury","1","1","D"
"65381","28-09-25 15:00","England","Premier League","2025/2026","Aston Villa","Fulham","Andy Madley","3","1","H"
"65380","28-09-25 17:30","England","Premier League","2025/2026","Newcastle","Arsenal","Jarred Gillett","1","2","A"
"65435","29-09-25 21:00","England","Premier League","2025/2026","Everton","West Ham","Samuel Barrott","1","1","D"
"65482","03-10-25 21:00","England","Premier League","2025/2026","Bournemouth","Fulham","Simon Hooper","3","1","H"
"65538","04-10-25 13:30","England","Premier League","2025/2026","Leeds","Tottenham","Thomas Bramall","1","2","A"
"65536","04-10-25 16:00","England","Premier League","2025/2026","Arsenal","West Ham","John Brooks","2","0","H"
"65537","04-10-25 16:00","England","Premier League","2025/2026","Manchester Utd","Sunderland","Stuart Attwell","2","0","H"
"65535","04-10-25 18:30","England","Premier League","2025/2026","Chelsea","Liverpool","Anthony Taylor","2","1","H"
"65593","05-10-25 15:00","England","Premier League","2025/2026","Aston Villa","Burnley","Andrew Kitchen","2","1","H"
"65594","05-10-25 15:00","England","Premier League","2025/2026","Everton","Crystal Palace","Michael Salisbury","2","1","H"
"65595","05-10-25 15:00","England","Premier League","2025/2026","Newcastle","Nottingham","Peter Bankes","2","0","H"
"65596","05-10-25 15:00","England","Premier League","2025/2026","Wolves","Brighton","Jarred Gillett","1","1","D"
"65592","05-10-25 17:30","England","Premier League","2025/2026","Brentford","Manchester City","Darren England","0","1","A"
"67163","18-10-25 13:30","England","Premier League","2025/2026","Nottingham","Chelsea","Chris Kavanagh","0","3","A"
"67158","18-10-25 16:00","England","Premier League","2025/2026","Brighton","Newcastle","Craig Pawson","2","1","H"
"67159","18-10-25 16:00","England","Premier League","2025/2026","Burnley","Leeds","Tim Robinson","2","0","H"
"67160","18-10-25 16:00","England","Premier League","2025/2026","Crystal Palace","Bournemouth","Jarred Gillett","3","3","D"
"67161","18-10-25 16:00","England","Premier League","2025/2026","Manchester City","Everton","Tony Harrington","2","0","H"
"67162","18-10-25 16:00","England","Premier League","2025/2026","Sunderland","Wolves","Robert Jones","2","0","H"
"67157","18-10-25 18:30","England","Premier League","2025/2026","Fulham","Arsenal","Anthony Taylor","0","1","A"
"67211","19-10-25 15:00","England","Premier League","2025/2026","Tottenham","Aston Villa","Simon Hooper","1","2","A"
"67210","19-10-25 17:30","England","Premier League","2025/2026","Liverpool","Manchester Utd","Michael Oliver","1","2","A"
"67300","20-10-25 21:00","England","Premier League","2025/2026","West Ham","Brentford","Andy Madley","0","2","A"
"67348","24-10-25 21:00","England","Premier League","2025/2026","Leeds","West Ham","Stuart Attwell","2","1","H"
"67644","25-10-25 16:00","England","Premier League","2025/2026","Chelsea","Sunderland","Andy Madley","1","2","A"
"67645","25-10-25 16:00","England","Premier League","2025/2026","Newcastle","Fulham","Peter Bankes","2","1","H"
"67643","25-10-25 18:30","England","Premier League","2025/2026","Manchester Utd","Brighton","Anthony Taylor","4","2","H"
"67642","25-10-25 21:00","England","Premier League","2025/2026","Brentford","Liverpool","Simon Hooper","3","2","H"
"69139","26-10-25 15:00","England","Premier League","2025/2026","Arsenal","Crystal Palace","Thomas Bramall","1","0","H"
"69140","26-10-25 15:00","England","Premier League","2025/2026","Aston Villa","Manchester City","Michael Oliver","1","0","H"
"69141","26-10-25 15:00","England","Premier League","2025/2026","Bournemouth","Nottingham","Samuel Barrott","2","0","H"
"69142","26-10-25 15:00","England","Premier League","2025/2026","Wolves","Burnley","Tony Harrington","2","3","A"
"69138","26-10-25 17:30","England","Premier League","2025/2026","Everton","Tottenham","Craig Pawson","0","3","A"
"74172","01-11-25 16:00","England","Premier League","2025/2026","Brighton","Leeds","Michael Oliver","3","0","H"
"74173","01-11-25 16:00","England","Premier League","2025/2026","Burnley","Arsenal","Chris Kavanagh","0","2","A"
"74174","01-11-25 16:00","England","Premier League","2025/2026","Crystal Palace","Brentford","Peter Bankes","2","0","H"
"74175","01-11-25 16:00","England","Premier League","2025/2026","Fulham","Wolves","John Brooks","3","0","H"
"74176","01-11-25 16:00","England","Premier League","2025/2026","Nottingham","Manchester Utd","Darren England","2","2","D"
"74171","01-11-25 18:30","England","Premier League","2025/2026","Tottenham","Chelsea","Jarred Gillett","0","1","A"
"74170","01-11-25 21:00","England","Premier League","2025/2026","Liverpool","Aston Villa","Stuart Attwell","2","0","H"
"74236","02-11-25 15:00","England","Premier League","2025/2026","West Ham","Newcastle","Robert Jones","3","1","H"
"74235","02-11-25 17:30","England","Premier League","2025/2026","Manchester City","Bournemouth","Anthony Taylor","3","1","H"
"74284","03-11-25 21:00","England","Premier League","2025/2026","Sunderland","Everton","Thomas Bramall","1","1","D"
"74402","08-11-25 13:30","England","Premier League","2025/2026","Tottenham","Manchester Utd","Samuel Barrott","2","2","D"
"74400","08-11-25 16:00","England","Premier League","2025/2026","Everton","Fulham","Andy Madley","2","0","H"
"74401","08-11-25 16:00","England","Premier League","2025/2026","West Ham","Burnley","Michael Salisbury","3","2","H"
"74399","08-11-25 18:30","England","Premier League","2025/2026","Sunderland","Arsenal","Craig Pawson","2","2","D"
"74398","08-11-25 21:00","England","Premier League","2025/2026","Chelsea","Wolves","Andrew Kitchen","3","0","H"
"74466","09-11-25 15:00","England","Premier League","2025/2026","Aston Villa","Bournemouth","John Brooks","4","0","H"
"74467","09-11-25 15:00","England","Premier League","2025/2026","Brentford","Newcastle","Stuart Attwell","3","1","H"
"74468","09-11-25 15:00","England","Premier League","2025/2026","Crystal Palace","Brighton","Tim Robinson","0","0","D"
"74469","09-11-25 15:00","England","Premier League","2025/2026","Nottingham","Leeds","Jarred Gillett","3","1","H"
"74465","09-11-25 17:30","England","Premier League","2025/2026","Manchester City","Liverpool","Chris Kavanagh","3","0","H"
"74626","22-11-25 13:30","England","Premier League","2025/2026","Burnley","Chelsea","Peter Bankes","0","2","A"
"74621","22-11-25 16:00","England","Premier League","2025/2026","Bournemouth","West Ham","Thomas Bramall","2","2","D"
"74622","22-11-25 16:00","England","Premier League","2025/2026","Brighton","Brentford","Chris Kavanagh","2","1","H"
"74623","22-11-25 16:00","England","Premier League","2025/2026","Fulham","Sunderland","Darren England","1","0","H"
"74624","22-11-25 16:00","England","Premier League","2025/2026","Liverpool","Nottingham","Andy Madley","0","3","A"
"74625","22-11-25 16:00","England","Premier League","2025/2026","Wolves","Crystal Palace","Anthony Taylor","0","2","A"
"74620","22-11-25 18:30","England","Premier League","2025/2026","Newcastle","Manchester City","Samuel Barrott","2","1","H"
"74685","23-11-25 15:00","England","Premier League","2025/2026","Leeds","Aston Villa","Robert Jones","1","2","A"
"74684","23-11-25 17:30","England","Premier League","2025/2026","Arsenal","Tottenham","Michael Oliver","4","1","H"
"74730","24-11-25 21:00","England","Premier League","2025/2026","Manchester Utd","Everton","Tony Harrington","0","1","A"
"74838","29-11-25 16:00","England","Premier League","2025/2026","Brentford","Burnley","Samuel Barrott","3","1","H"
"74839","29-11-25 16:00","England","Premier League","2025/2026","Manchester City","Leeds","Peter Bankes","3","2","H"
"74840","29-11-25 16:00","England","Premier League","2025/2026","Sunderland","Bournemouth","Tim Robinson","3","2","H"
"74837","29-11-25 18:30","England","Premier League","2025/2026","Everton","Newcastle","Craig Pawson","1","4","A"
"74836","29-11-25 21:00","England","Premier League","2025/2026","Tottenham","Fulham","Stuart Attwell","1","2","A"
"74899","30-11-25 13:00","England","Premier League","2025/2026","Crystal Palace","Manchester Utd","Robert Jones","1","2","A"
"74896","30-11-25 15:05","England","Premier League","2025/2026","Aston Villa","Wolves","Chris Kavanagh","1","0","H"
"74897","30-11-25 15:05","England","Premier League","2025/2026","Nottingham","Brighton","Michael Oliver","0","2","A"
"74898","30-11-25 15:05","England","Premier League","2025/2026","West Ham","Liverpool","Darren England","0","2","A"
"74895","30-11-25 17:30","England","Premier League","2025/2026","Chelsea","Arsenal","Anthony Taylor","1","1","D"
"74955","02-12-25 20:30","England","Premier League","2025/2026","Bournemouth","Everton","Michael Salisbury","0","1","A"
"74956","02-12-25 20:30","England","Premier League","2025/2026","Fulham","Manchester City","Craig Pawson","4","5","A"
"74954","02-12-25 21:15","England","Premier League","2025/2026","Newcastle","Tottenham","Thomas Bramall","2","2","D"
"74974","03-12-25 20:30","England","Premier League","2025/2026","Arsenal","Brentford","Tony Harrington","2","0","H"
"74975","03-12-25 20:30","England","Premier League","2025/2026","Brighton","Aston Villa","Andy Madley","3","4","A"
"74976","03-12-25 20:30","England","Premier League","2025/2026","Burnley","Crystal Palace","Thomas Kirk","0","1","A"
"74977","03-12-25 20:30","England","Premier League","2025/2026","Wolves","Nottingham","Tim Robinson","0","1","A"
"74972","03-12-25 21:15","England","Premier League","2025/2026","Leeds","Chelsea","Darren England","3","1","H"
"74973","03-12-25 21:15","England","Premier League","2025/2026","Liverpool","Sunderland","Stuart Attwell","1","1","D"
"74989","04-12-25 21:00","England","Premier League","2025/2026","Manchester Utd","West Ham","Andrew Kitchen","1","1","D"
"75033","06-12-25 13:30","England","Premier League","2025/2026","Aston Villa","Arsenal","Peter Bankes","2","1","H"
"75028","06-12-25 16:00","England","Premier League","2025/2026","Bournemouth","Chelsea","Michael Oliver","0","0","D"
"75029","06-12-25 16:00","England","Premier League","2025/2026","Everton","Nottingham","Chris Kavanagh","3","0","H"
"75030","06-12-25 16:00","England","Premier League","2025/2026","Manchester City","Sunderland","Andy Madley","3","0","H"
"75031","06-12-25 16:00","England","Premier League","2025/2026","Newcastle","Burnley","Stuart Attwell","2","1","H"
"75032","06-12-25 16:00","England","Premier League","2025/2026","Tottenham","Brentford","Robert Jones","2","0","H"
"75027","06-12-25 18:30","England","Premier League","2025/2026","Leeds","Liverpool","Anthony Taylor","3","3","D"
"75090","07-12-25 15:00","England","Premier League","2025/2026","Brighton","West Ham","Simon Hooper","1","1","D"
"75089","07-12-25 17:30","England","Premier League","2025/2026","Fulham","Crystal Palace","Samuel Barrott","1","2","A"
"75131","08-12-25 21:00","England","Premier League","2025/2026","Wolves","Manchester Utd","Michael Salisbury","1","4","A"
"75257","13-12-25 16:00","England","Premier League","2025/2026","Chelsea","Everton","Thomas Bramall","2","0","H"
"75258","13-12-25 16:00","England","Premier League","2025/2026","Liverpool","Brighton","Craig Pawson","2","0","H"
"75256","13-12-25 18:30","England","Premier League","2025/2026","Burnley","Fulham","Michael Oliver","2","3","A"
"75255","13-12-25 21:00","England","Premier League","2025/2026","Arsenal","Wolves","Robert Jones","2","1","H"
"75309","14-12-25 15:00","England","Premier League","2025/2026","Crystal Palace","Manchester City","Darren England","0","3","A"
"75310","14-12-25 15:00","England","Premier League","2025/2026","Nottingham","Tottenham","Samuel Barrott","3","0","H"
"75311","14-12-25 15:00","England","Premier League","2025/2026","Sunderland","Newcastle","Peter Bankes","1","0","H"
"75312","14-12-25 15:00","England","Premier League","2025/2026","West Ham","Aston Villa","Anthony Taylor","2","3","A"
"75308","14-12-25 17:30","England","Premier League","2025/2026","Brentford","Leeds","John Brooks","1","1","D"
"75351","15-12-25 21:00","England","Premier League","2025/2026","Manchester Utd","Bournemouth","Simon Hooper","4","4","D"
"75418","20-12-25 13:30","England","Premier League","2025/2026","Newcastle","Chelsea","Andy Madley","2","2","D"
"75414","20-12-25 16:00","England","Premier League","2025/2026","Bournemouth","Burnley","Chris Kavanagh","1","1","D"
"75415","20-12-25 16:00","England","Premier League","2025/2026","Brighton","Sunderland","Darren England","0","0","D"
"75416","20-12-25 16:00","England","Premier League","2025/2026","Manchester City","West Ham","Paul Tierney","3","0","H"
"75417","20-12-25 16:00","England","Premier League","2025/2026","Wolves","Brentford","Matt Donohue","0","2","A"
"75413","20-12-25 18:30","England","Premier League","2025/2026","Tottenham","Liverpool","John Brooks","1","2","A"
"75411","20-12-25 21:00","England","Premier League","2025/2026","Everton","Arsenal","Samuel Barrott","0","1","A"
"75412","20-12-25 21:00","England","Premier League","2025/2026","Leeds","Crystal Palace","Thomas Bramall","4","1","H"
"75460","21-12-25 17:30","England","Premier League","2025/2026","Aston Villa","Manchester Utd","Michael Oliver","2","1","H"
"75495","22-12-25 21:00","England","Premier League","2025/2026","Fulham","Nottingham","Anthony Taylor","1","0","H"
"75540","26-12-25 21:00","England","Premier League","2025/2026","Manchester Utd","Newcastle","Anthony Taylor","1","0","H"
"75549","27-12-25 13:30","England","Premier League","2025/2026","Nottingham","Manchester City","Robert Jones","1","2","A"
"75544","27-12-25 16:00","England","Premier League","2025/2026","Arsenal","Brighton","John Brooks","2","1","H"
"75545","27-12-25 16:00","England","Premier League","2025/2026","Brentford","Bournemouth","Peter Bankes","4","1","H"
"75546","27-12-25 16:00","England","Premier League","2025/2026","Burnley","Everton","Craig Pawson","0","0","D"
"75547","27-12-25 16:00","England","Premier League","2025/2026","Liverpool","Wolves","Simon Hooper","2","1","H"
"75548","27-12-25 16:00","England","Premier League","2025/2026","West Ham","Fulham","Chris Kavanagh","0","1","A"
"75543","27-12-25 18:30","England","Premier League","2025/2026","Chelsea","Aston Villa","Stuart Attwell","1","2","A"
"75574","28-12-25 15:00","England","Premier League","2025/2026","Sunderland","Leeds","Tony Harrington","1","1","D"
"75573","28-12-25 17:30","England","Premier League","2025/2026","Crystal Palace","Tottenham","Jarred Gillett","0","1","A"
"75637","30-12-25 20:30","England","Premier League","2025/2026","Burnley","Newcastle","Robert Jones","1","3","A"
"75638","30-12-25 20:30","England","Premier League","2025/2026","Chelsea","Bournemouth","Samuel Barrott","2","2","D"
"75639","30-12-25 20:30","England","Premier League","2025/2026","Nottingham","Everton","Michael Oliver","0","2","A"
"75640","30-12-25 20:30","England","Premier League","2025/2026","West Ham","Brighton","Michael Salisbury","2","2","D"
"75646","30-12-25 21:15","England","Premier League","2025/2026","Arsenal","Aston Villa","Darren England","4","1","H"
"75647","30-12-25 21:15","England","Premier League","2025/2026","Manchester Utd","Wolves","Thomas Bramall","1","1","D"
"75686","01-01-26 18:30","England","Premier League","2025/2026","Crystal Palace","Fulham","Tony Harrington","1","1","D"
"75687","01-01-26 18:30","England","Premier League","2025/2026","Liverpool","Leeds","Chris Kavanagh","0","0","D"
"75689","01-01-26 21:00","England","Premier League","2025/2026","Brentford","Tottenham","Andy Madley","0","0","D"
"75690","01-01-26 21:00","England","Premier League","2025/2026","Sunderland","Manchester City","Jarred Gillett","0","0","D"
"75701","03-01-26 13:30","England","Premier League","2025/2026","Aston Villa","Nottingham","Simon Hooper","3","1","H"
"75708","03-01-26 16:00","England","Premier League","2025/2026","Brighton","Burnley","Tim Robinson","2","0","H"
"75709","03-01-26 16:00","England","Premier League","2025/2026","Wolves","West Ham","Peter Bankes","3","0","H"
"75721","03-01-26 18:30","England","Premier League","2025/2026","Bournemouth","Arsenal","Chris Kavanagh","2","3","A"
"75747","04-01-26 13:30","England","Premier League","2025/2026","Leeds","Manchester Utd","Jarred Gillett","1","1","D"
"75752","04-01-26 16:00","England","Premier League","2025/2026","Everton","Brentford","Anthony Taylor","2","4","A"
"75753","04-01-26 16:00","England","Premier League","2025/2026","Newcastle","Crystal Palace","John Brooks","2","0","H"
"75754","04-01-26 16:00","England","Premier League","2025/2026","Tottenham","Sunderland","Stuart Attwell","1","1","D"
"75767","04-01-26 16:15","England","Premier League","2025/2026","Fulham","Liverpool","Craig Pawson","2","2","D"
"75775","04-01-26 18:30","England","Premier League","2025/2026","Manchester City","Chelsea","Michael Oliver","1","1","D"
"75802","06-01-26 21:00","England","Premier League","2025/2026","West Ham","Nottingham","Tony Harrington","1","2","A"
"75806","07-01-26 20:30","England","Premier League","2025/2026","Bournemouth","Tottenham","Darren England","3","2","H"
"75807","07-01-26 20:30","England","Premier League","2025/2026","Brentford","Sunderland","Matt Donohue","3","0","H"
"75808","07-01-26 20:30","England","Premier League","2025/2026","Crystal Palace","Aston Villa","Andy Madley","0","0","D"
"75809","07-01-26 20:30","England","Premier League","2025/2026","Everton","Wolves","Thomas Kirk","1","1","D"
"75810","07-01-26 20:30","England","Premier League","2025/2026","Fulham","Chelsea","Peter Bankes","2","1","H"
"75811","07-01-26 20:30","England","Premier League","2025/2026","Manchester City","Brighton","Thomas Bramall","1","1","D"
"75815","07-01-26 21:15","England","Premier League","2025/2026","Burnley","Manchester Utd","Stuart Attwell","2","2","D"
"75816","07-01-26 21:15","England","Premier League","2025/2026","Newcastle","Leeds","Michael Salisbury","4","3","H"
"75832","08-01-26 21:00","England","Premier League","2025/2026","Arsenal","Liverpool","Anthony Taylor","0","0","D"
"79586","17-01-26 13:30","England","Premier League","2025/2026","Manchester Utd","Manchester City","Anthony Taylor","2","0","H"
"79610","17-01-26 16:00","England","Premier League","2025/2026","Chelsea","Brentford","John Brooks","2","0","H"
"79611","17-01-26 16:00","England","Premier League","2025/2026","Leeds","Fulham","Chris Kavanagh","1","0","H"
"79612","17-01-26 16:00","England","Premier League","2025/2026","Liverpool","Burnley","Andy Madley","1","1","D"
"79613","17-01-26 16:00","England","Premier League","2025/2026","Sunderland","Crystal Palace","Robert Jones","2","1","H"
"79614","17-01-26 16:00","England","Premier League","2025/2026","Tottenham","West Ham","Jarred Gillett","1","2","A"
"79650","17-01-26 18:30","England","Premier League","2025/2026","Nottingham","Arsenal","Michael Oliver","0","0","D"
"79682","18-01-26 15:00","England","Premier League","2025/2026","Wolves","Newcastle","Samuel Barrott","0","0","D"
"79696","18-01-26 17:30","England","Premier League","2025/2026","Aston Villa","Everton","Tony Harrington","0","1","A"
"81004","19-01-26 21:00","England","Premier League","2025/2026","Brighton","Bournemouth","Paul Tierney","1","1","D"
"84245","24-01-26 13:30","England","Premier League","2025/2026","West Ham","Sunderland","Thomas Bramall","3","1","H"
"84269","24-01-26 16:00","England","Premier League","2025/2026","Burnley","Tottenham","Peter Bankes","2","2","D"
"84270","24-01-26 16:00","England","Premier League","2025/2026","Fulham","Brighton","Michael Oliver","2","1","H"
"84271","24-01-26 16:00","England","Premier League","2025/2026","Manchester City","Wolves","Farai Hallam","2","0","H"
"84308","24-01-26 18:30","England","Premier League","2025/2026","Bournemouth","Liverpool","Michael Salisbury","3","2","H"
"85191","25-01-26 15:00","England","Premier League","2025/2026","Brentford","Nottingham","Samuel Barrott","0","2","A"
"85192","25-01-26 15:00","England","Premier League","2025/2026","Crystal Palace","Chelsea","Darren England","1","3","A"
"85193","25-01-26 15:00","England","Premier League","2025/2026","Newcastle","Aston Villa","Jarred Gillett","0","2","A"
"85212","25-01-26 17:30","England","Premier League","2025/2026","Arsenal","Manchester Utd","Craig Pawson","2","3","A"
"86846","26-01-26 21:00","England","Premier League","2025/2026","Everton","Leeds","Simon Hooper","1","1","D"
"88889","31-01-26 16:00","England","Premier League","2025/2026","Brighton","Everton","Chris Kavanagh","1","1","D"
"88890","31-01-26 16:00","England","Premier League","2025/2026","Leeds","Arsenal","Stuart Attwell","0","4","A"
"88891","31-01-26 16:00","England","Premier League","2025/2026","Wolves","Bournemouth","Michael Oliver","0","2","A"
"88934","31-01-26 18:30","England","Premier League","2025/2026","Chelsea","West Ham","Anthony Taylor","3","2","H"
"88946","31-01-26 21:00","England","Premier League","2025/2026","Liverpool","Newcastle","Simon Hooper","4","1","H"
"89583","01-02-26 15:00","England","Premier League","2025/2026","Aston Villa","Brentford","Tim Robinson","0","1","A"
"89584","01-02-26 15:00","England","Premier League","2025/2026","Manchester Utd","Fulham","John Brooks","3","2","H"
"89585","01-02-26 15:00","England","Premier League","2025/2026","Nottingham","Crystal Palace","Tony Harrington","1","1","D"
"89602","01-02-26 17:30","England","Premier League","2025/2026","Tottenham","Manchester City","Robert Jones","2","2","D"
"90177","02-02-26 21:00","England","Premier League","2025/2026","Sunderland","Burnley","Paul Tierney","3","0","H"
"90848","06-02-26 21:00","England","Premier League","2025/2026","Leeds","Nottingham","Peter Bankes","3","1","H"
"90861","07-02-26 13:30","England","Premier League","2025/2026","Manchester Utd","Tottenham","Michael Oliver","2","0","H"
"90885","07-02-26 16:00","England","Premier League","2025/2026","Arsenal","Sunderland","Samuel Barrott","3","0","H"
"90886","07-02-26 16:00","England","Premier League","2025/2026","Bournemouth","Aston Villa","Anthony Taylor","1","1","D"
"90887","07-02-26 16:00","England","Premier League","2025/2026","Burnley","West Ham","Darren England","0","2","A"
"90888","07-02-26 16:00","England","Premier League","2025/2026","Fulham","Everton","Stuart Attwell","1","2","A"
"90889","07-02-26 16:00","England","Premier League","2025/2026","Wolves","Chelsea","Jarred Gillett","1","3","A"
"90926","07-02-26 18:30","England","Premier League","2025/2026","Newcastle","Brentford","Andy Madley","2","3","A"
"90965","08-02-26 15:00","England","Premier League","2025/2026","Brighton","Crystal Palace","Thomas Bramall","0","1","A"
"90982","08-02-26 17:30","England","Premier League","2025/2026","Liverpool","Manchester City","Craig Pawson","1","2","A"
"91710","10-02-26 20:30","England","Premier League","2025/2026","Chelsea","Leeds","Robert Jones","2","2","D"
"91711","10-02-26 20:30","England","Premier League","2025/2026","Everton","Bournemouth","Andy Madley","1","2","A"
"91712","10-02-26 20:30","England","Premier League","2025/2026","Tottenham","Newcastle","Anthony Taylor","1","2","A"
"91721","10-02-26 21:15","England","Premier League","2025/2026","West Ham","Manchester Utd","Simon Hooper","1","1","D"
"91731","11-02-26 20:30","England","Premier League","2025/2026","Aston Villa","Brighton","Peter Bankes","1","0","H"
"91732","11-02-26 20:30","England","Premier League","2025/2026","Crystal Palace","Burnley","Farai Hallam","2","3","A"
"91733","11-02-26 20:30","England","Premier League","2025/2026","Manchester City","Fulham","Paul Tierney","3","0","H"
"91734","11-02-26 20:30","England","Premier League","2025/2026","Nottingham","Wolves","Tim Robinson","0","0","D"
"91743","11-02-26 21:15","England","Premier League","2025/2026","Sunderland","Liverpool","Chris Kavanagh","0","1","A"
"91751","12-02-26 21:00","England","Premier League","2025/2026","Brentford","Arsenal","John Brooks","1","1","D"
"97023","18-02-26 21:00","England","Premier League","2025/2026","Wolves","Arsenal","Paul Tierney","2","2","D"
"97115","21-02-26 16:00","England","Premier League","2025/2026","Aston Villa","Leeds","Michael Oliver","1","1","D"
"97116","21-02-26 16:00","England","Premier League","2025/2026","Brentford","Brighton","Jarred Gillett","0","2","A"
"97117","21-02-26 16:00","England","Premier League","2025/2026","Chelsea","Burnley","Lewis Smith","1","1","D"
"97156","21-02-26 18:30","England","Premier League","2025/2026","West Ham","Bournemouth","Samuel Barrott","0","0","D"
"97177","21-02-26 21:00","England","Premier League","2025/2026","Manchester City","Newcastle","Thomas Bramall","2","1","H"
"97224","22-02-26 15:00","England","Premier League","2025/2026","Crystal Palace","Wolves","Thomas Kirk","1","0","H"
"97225","22-02-26 15:00","England","Premier League","2025/2026","Nottingham","Liverpool","Anthony Taylor","0","1","A"
"97226","22-02-26 15:00","England","Premier League","2025/2026","Sunderland","Fulham","Craig Pawson","1","3","A"
"97243","22-02-26 17:30","England","Premier League","2025/2026","Tottenham","Arsenal","Peter Bankes","1","4","A"
"97280","23-02-26 21:00","England","Premier League","2025/2026","Everton","Manchester Utd","Darren England","0","1","A"
"97381","27-02-26 21:00","England","Premier League","2025/2026","Wolves","Aston Villa","Craig Pawson","2","0","H"
"97397","28-02-26 13:30","England","Premier League","2025/2026","Bournemouth","Sunderland","Jarred Gillett","1","1","D"
"97421","28-02-26 16:00","England","Premier League","2025/2026","Burnley","Brentford","Samuel Barrott","3","4","A"
"97422","28-02-26 16:00","England","Premier League","2025/2026","Liverpool","West Ham","Tim Robinson","5","2","H"
"97423","28-02-26 16:00","England","Premier League","2025/2026","Newcastle","Everton","Stuart Attwell","2","3","A"
"97466","28-02-26 18:30","England","Premier League","2025/2026","Leeds","Manchester City","Peter Bankes","0","1","A"
"98720","01-03-26 15:00","England","Premier League","2025/2026","Brighton","Nottingham","Andy Madley","2","1","H"
"98721","01-03-26 15:00","England","Premier League","2025/2026","Fulham","Tottenham","Thomas Bramall","2","1","H"
"98722","01-03-26 15:00","England","Premier League","2025/2026","Manchester Utd","Crystal Palace","Chris Kavanagh","2","1","H"
"98751","01-03-26 17:30","England","Premier League","2025/2026","Arsenal","Chelsea","Darren England","2","1","H"
"99434","03-03-26 20:30","England","Premier League","2025/2026","Bournemouth","Brentford","Craig Pawson","0","0","D"
"99435","03-03-26 20:30","England","Premier League","2025/2026","Everton","Burnley","Tim Robinson","2","0","H"
"99436","03-03-26 20:30","England","Premier League","2025/2026","Leeds","Sunderland","Stuart Attwell","0","1","A"
"99447","03-03-26 21:15","England","Premier League","2025/2026","Wolves","Liverpool","Thomas Bramall","2","1","H"
"99460","04-03-26 20:30","England","Premier League","2025/2026","Aston Villa","Chelsea","Jarred Gillett","1","4","A"
"99461","04-03-26 20:30","England","Premier League","2025/2026","Brighton","Arsenal","Chris Kavanagh","0","1","A"
"99462","04-03-26 20:30","England","Premier League","2025/2026","Fulham","West Ham","Matt Donohue","0","1","A"
"99463","04-03-26 20:30","England","Premier League","2025/2026","Manchester City","Nottingham","Darren England","2","2","D"
"99466","04-03-26 21:15","England","Premier League","2025/2026","Newcastle","Manchester Utd","Peter Bankes","2","1","H"
"99470","05-03-26 21:00","England","Premier League","2025/2026","Tottenham","Crystal Palace","Andy Madley","1","3","A"
"106535","14-03-26 16:00","England","Premier League","2025/2026","Burnley","Bournemouth","Peter Bankes","0","0","D"
"106536","14-03-26 16:00","England","Premier League","2025/2026","Sunderland","Brighton","Thomas Kirk","0","1","A"
"106537","14-03-26 18:30","England","Premier League","2025/2026","Arsenal","Everton","Andy Madley","2","0","H"
"106538","14-03-26 18:30","England","Premier League","2025/2026","Chelsea","Newcastle","Paul Tierney","0","1","A"
"106539","14-03-26 21:00","England","Premier League","2025/2026","West Ham","Manchester City","Michael Oliver","1","1","D"
"107978","15-03-26 15:00","England","Premier League","2025/2026","Crystal Palace","Leeds","Thomas Bramall","0","0","D"
"107979","15-03-26 15:00","England","Premier League","2025/2026","Manchester Utd","Aston Villa","Anthony Taylor","3","1","H"
"107980","15-03-26 15:00","England","Premier League","2025/2026","Nottingham","Fulham","Samuel Barrott","0","0","D"
"107981","15-03-26 17:30","England","Premier League","2025/2026","Liverpool","Tottenham","Chris Kavanagh","1","1","D"
"110046","16-03-26 21:00","England","Premier League","2025/2026","Brentford","Wolves","Stuart Attwell","2","2","D"
"114203","20-03-26 21:00","England","Premier League","2025/2026","Bournemouth","Manchester Utd","Stuart Attwell","2","2","D"
"114243","21-03-26 13:30","England","Premier League","2025/2026","Brighton","Liverpool","Darren England","2","1","H"
"114244","21-03-26 16:00","England","Premier League","2025/2026","Fulham","Burnley","Chris Kavanagh","3","1","H"
"114245","21-03-26 18:30","England","Premier League","2025/2026","Everton","Chelsea","Samuel Barrott","3","0","H"
"114246","21-03-26 21:00","England","Premier League","2025/2026","Leeds","Brentford","Jarred Gillett","0","0","D"
"114378","22-03-26 13:00","England","Premier League","2025/2026","Newcastle","Sunderland","Anthony Taylor","1","2","A"
"114379","22-03-26 15:15","England","Premier League","2025/2026","Aston Villa","West Ham","Paul Tierney","2","0","H"
"114380","22-03-26 15:15","England","Premier League","2025/2026","Tottenham","Nottingham","Michael Oliver","0","3","A"
"117810","10-04-26 21:00","England","Premier League","2025/2026","West Ham","Wolves","Jarred Gillett","4","0","H"
"117859","11-04-26 13:30","England","Premier League","2025/2026","Arsenal","Bournemouth","Michael Oliver","1","2","A"
"117860","11-04-26 16:00","England","Premier League","2025/2026","Brentford","Everton","Farai Hallam","2","2","D"
"117861","11-04-26 16:00","England","Premier League","2025/2026","Burnley","Brighton","Thomas Bramall","0","2","A"
"117862","11-04-26 18:30","England","Premier League","2025/2026","Liverpool","Fulham","Anthony Taylor","2","0","H"
"118005","12-04-26 15:00","England","Premier League","2025/2026","Crystal Palace","Newcastle","Andy Madley","2","1","H"
"118006","12-04-26 15:00","England","Premier League","2025/2026","Nottingham","Aston Villa","Michael Salisbury","1","1","D"
"118007","12-04-26 15:00","England","Premier League","2025/2026","Sunderland","Tottenham","Robert Jones","1","0","H"
"118008","12-04-26 17:30","England","Premier League","2025/2026","Chelsea","Manchester City","Chris Kavanagh","0","3","A"
"118082","13-04-26 21:00","England","Premier League","2025/2026","Manchester Utd","Leeds","Paul Tierney","1","2","A"
"118198","18-04-26 13:30","England","Premier League","2025/2026","Brentford","Fulham","Paul Tierney","0","0","D"
"118199","18-04-26 16:00","England","Premier League","2025/2026","Leeds","Wolves","Farai Hallam","3","0","H"
"118200","18-04-26 16:00","England","Premier League","2025/2026","Newcastle","Bournemouth","Thomas Bramall","1","2","A"
"118201","18-04-26 18:30","England","Premier League","2025/2026","Tottenham","Brighton","Stuart Attwell","2","2","D"
"118202","18-04-26 21:00","England","Premier League","2025/2026","Chelsea","Manchester Utd","Michael Oliver","0","1","A"
"118326","19-04-26 15:00","England","Premier League","2025/2026","Aston Villa","Sunderland","Samuel Barrott","4","3","H"
"118327","19-04-26 15:00","England","Premier League","2025/2026","Everton","Liverpool","Chris Kavanagh","1","2","A"
"118328","19-04-26 15:00","England","Premier League","2025/2026","Nottingham","Burnley","Thomas Kirk","4","1","H"
"118329","19-04-26 17:30","England","Premier League","2025/2026","Manchester City","Arsenal","Anthony Taylor","2","1","H"
"118408","20-04-26 21:00","England","Premier League","2025/2026","Crystal Palace","West Ham","Darren England","0","0","D"
"118437","21-04-26 21:00","England","Premier League","2025/2026","Brighton","Chelsea","Craig Pawson","3","0","H"
"118478","22-04-26 21:00","England","Premier League","2025/2026","Bournemouth","Leeds","Michael Salisbury","2","2","D"
"118479","22-04-26 21:00","England","Premier League","2025/2026","Burnley","Manchester City","Andy Madley","0","1","A"
"118552","24-04-26 21:00","England","Premier League","2025/2026","Sunderland","Nottingham","Darren England","0","5","A"
"118602","25-04-26 13:30","England","Premier League","2025/2026","Fulham","Aston Villa","Michael Oliver","1","0","H"
"118603","25-04-26 16:00","England","Premier League","2025/2026","Liverpool","Crystal Palace","Andy Madley","3","1","H"
"118604","25-04-26 16:00","England","Premier League","2025/2026","West Ham","Everton","Stuart Attwell","2","1","H"
"118605","25-04-26 16:00","England","Premier League","2025/2026","Wolves","Tottenham","Anthony Taylor","0","1","A"
"118606","25-04-26 18:30","England","Premier League","2025/2026","Arsenal","Newcastle","Samuel Barrott","1","0","H"
"118824","27-04-26 21:00","England","Premier League","2025/2026","Manchester Utd","Brentford","Chris Kavanagh","2","1","H"
"118883","01-05-26 21:00","England","Premier League","2025/2026","Leeds","Burnley","Thomas Bramall","3","1","H"
"118931","02-05-26 16:00","England","Premier League","2025/2026","Brentford","West Ham","Craig Pawson","3","0","H"
"118932","02-05-26 16:00","England","Premier League","2025/2026","Newcastle","Brighton","Chris Kavanagh","3","1","H"
"118933","02-05-26 16:00","England","Premier League","2025/2026","Wolves","Sunderland","Paul Tierney","1","1","D"
"118934","02-05-26 18:30","England","Premier League","2025/2026","Arsenal","Fulham","Jarred Gillett","3","0","H"
"119074","03-05-26 15:00","England","Premier League","2025/2026","Bournemouth","Crystal Palace","Robert Jones","3","0","H"
"119075","03-05-26 16:30","England","Premier League","2025/2026","Manchester Utd","Liverpool","Darren England","3","2","H"
"119076","03-05-26 20:00","England","Premier League","2025/2026","Aston Villa","Tottenham","Samuel Barrott","1","2","A"
"119162","04-05-26 16:00","England","Premier League","2025/2026","Chelsea","Nottingham","Anthony Taylor","1","3","A"
"119163","04-05-26 21:00","England","Premier League","2025/2026","Everton","Manchester City","Michael Oliver","3","3","D"
"119250","09-05-26 13:30","England","Premier League","2025/2026","Liverpool","Chelsea","Craig Pawson","1","1","D"
"119251","09-05-26 16:00","England","Premier League","2025/2026","Brighton","Wolves","John Brooks","3","0","H"
"119252","09-05-26 16:00","England","Premier League","2025/2026","Fulham","Bournemouth","Andy Madley","0","1","A"
"119253","09-05-26 16:00","England","Premier League","2025/2026","Sunderland","Manchester Utd","Stuart Attwell","0","0","D"
"119254","09-05-26 18:30","England","Premier League","2025/2026","Manchester City","Brentford","Michael Salisbury","3","0","H"
"119350","10-05-26 15:00","England","Premier League","2025/2026","Burnley","Aston Villa","Anthony Taylor","2","2","D"
"119351","10-05-26 15:00","England","Premier League","2025/2026","Crystal Palace","Everton","Thomas Bramall","2","2","D"
"119352","10-05-26 15:00","England","Premier League","2025/2026","Nottingham","Newcastle","Paul Tierney","1","1","D"
"119353","10-05-26 17:30","England","Premier League","2025/2026","West Ham","Arsenal","Chris Kavanagh","0","1","A"
"119689","11-05-26 21:00","England","Premier League","2025/2026","Tottenham","Leeds","Jarred Gillett","1","1","D"
"120425","13-05-26 21:00","England","Premier League","2025/2026","Manchester City","Crystal Palace","Stuart Attwell","3","0","H"
"120476","15-05-26 21:00","England","Premier League","2025/2026","Aston Villa","Liverpool","Chris Kavanagh","4","2","H"
"120588","17-05-26 13:30","England","Premier League","2025/2026","Manchester Utd","Nottingham","Michael Salisbury","3","2","H"
"120589","17-05-26 16:00","England","Premier League","2025/2026","Brentford","Crystal Palace","Samuel Barrott","2","2","D"
"120590","17-05-26 16:00","England","Premier League","2025/2026","Everton","Sunderland","John Brooks","1","3","A"
"120591","17-05-26 16:00","England","Premier League","2025/2026","Leeds","Brighton","Michael Oliver","1","0","H"
"120592","17-05-26 16:00","England","Premier League","2025/2026","Wolves","Fulham","Thomas Kirk","1","1","D"
"120593","17-05-26 18:30","England","Premier League","2025/2026","Newcastle","West Ham","Jarred Gillett","3","1","H"
"120693","18-05-26 21:00","England","Premier League","2025/2026","Arsenal","Burnley","Paul Tierney","1","0","H"
"120707","19-05-26 20:30","England","Premier League","2025/2026","Bournemouth","Manchester City","Anthony Taylor","1","1","D"
"120708","19-05-26 21:15","England","Premier League","2025/2026","Chelsea","Tottenham","Stuart Attwell","2","1","H"
"120841","24-05-26 17:00","England","Premier League","2025/2026","Brighton","Manchester Utd","Samuel Barrott","0","3","A"
"120842","24-05-26 17:00","England","Premier League","2025/2026","Burnley","Wolves","Andrew Kitchen","1","1","D"
"120843","24-05-26 17:00","England","Premier League","2025/2026","Crystal Palace","Arsenal","Farai Hallam","1","2","A"
"120844","24-05-26 17:00","England","Premier League","2025/2026","Fulham","Newcastle","Robert Jones","2","0","H"
"120845","24-05-26 17:00","England","Premier League","2025/2026","Liverpool","Brentford","Darren England","1","1","D"
"120846","24-05-26 17:00","England","Premier League","2025/2026","Manchester City","Aston Villa","Andy Madley","1","2","A"
"120847","24-05-26 17:00","England","Premier League","2025/2026","Nottingham","Bournemouth","Craig Pawson","1","1","D"
"120848","24-05-26 17:00","England","Premier League","2025/2026","Sunderland","Chelsea","Chris Kavanagh","2","1","H"
"120849","24-05-26 17:00","England","Premier League","2025/2026","Tottenham","Everton","Michael Oliver","1","0","H"
"120850","24-05-26 17:00","England","Premier League","2025/2026","West Ham","Leeds","Anthony Taylor","3","0","H"